crumb_density,moisture,brown_score,roundness,ear_pointiness,fur_texture,label
0.92,0.55,0.88,0.91,0.08,0.12,muffin
0.85,0.48,0.79,0.87,0.15,0.18,muffin
0.90,0.61,0.83,0.93,0.05,0.10,muffin
0.78,0.52,0.71,0.80,0.22,0.25,muffin
0.88,0.57,0.90,0.89,0.11,0.14,muffin
0.81,0.44,0.75,0.84,0.18,0.20,muffin
0.95,0.63,0.92,0.95,0.04,0.09,muffin
0.73,0.50,0.68,0.77,0.25,0.28,muffin
0.86,0.58,0.81,0.88,0.12,0.16,muffin
0.91,0.54,0.86,0.90,0.09,0.13,muffin
0.70,0.41,0.60,0.72,0.30,0.35,muffin
0.83,0.59,0.77,0.85,0.14,0.19,muffin
0.89,0.56,0.84,0.92,0.07,0.11,muffin
0.76,0.47,0.70,0.78,0.21,0.24,muffin
0.94,0.62,0.91,0.94,0.06,0.10,muffin
0.22,0.35,0.40,0.35,0.92,0.88,chihuahua
0.18,0.28,0.33,0.30,0.95,0.91,chihuahua
0.25,0.40,0.45,0.38,0.88,0.85,chihuahua
0.15,0.30,0.28,0.25,0.97,0.93,chihuahua
0.28,0.38,0.42,0.40,0.85,0.82,chihuahua
0.20,0.32,0.36,0.32,0.90,0.89,chihuahua
0.12,0.25,0.25,0.22,0.98,0.95,chihuahua
0.30,0.42,0.48,0.42,0.82,0.80,chihuahua
0.17,0.29,0.31,0.28,0.94,0.90,chihuahua
0.24,0.36,0.39,0.36,0.87,0.86,chihuahua
0.19,0.33,0.34,0.31,0.91,0.88,chihuahua
0.27,0.39,0.44,0.39,0.84,0.83,chihuahua
0.14,0.27,0.27,0.24,0.96,0.92,chihuahua
0.21,0.34,0.37,0.33,0.89,0.87,chihuahua
0.26,0.41,0.46,0.41,0.83,0.81,chihuahua
